<?xml version='1.0' encoding='utf-8'?>
<project xmlns="http://www.plcopen.org/xml/tc6_0201" xmlns:xsd="http://www.w3.org/2001/XMLSchema" xmlns:xhtml="http://www.w3.org/1999/xhtml" xmlns:ns1="http://www.plcopen.org/xml/tc6_0201">
  <fileHeader companyName="Unknown" productName="Unnamed" productVersion="1" creationDateTime="2025-03-31T11:38:06"/>
  <contentHeader name="Unnamed" modificationDateTime="2025-03-31T16:33:53">
    <coordinateInfo>
      <fbd>
        <scaling x="10" y="10"/>
      </fbd>
      <ld>
        <scaling x="10" y="10"/>
      </ld>
      <sfc>
        <scaling x="10" y="10"/>
      </sfc>
    </coordinateInfo>
  </contentHeader>
  <types>
    <dataTypes/>
    <pous>
      <pou name="Addition" pouType="program">
        <interface>
          <localVars>
            <variable name="Switch">
              <type>
                <BOOL/>
              </type>
            </variable>
            <variable name="Number1">
              <type>
                <INT/>
              </type>
              <initialValue>
                <simpleValue value="2005"/>
              </initialValue>
            </variable>
            <variable name="Number2">
              <type>
                <INT/>
              </type>
              <initialValue>
                <simpleValue value="5"/>
              </initialValue>
            </variable>
            <variable name="Answer">
              <type>
                <INT/>
              </type>
            </variable>
          </localVars>
        </interface>
        <body>
          <LD>
            <block localId="1" typeName="ADD" width="70" height="130">
              <position x="420" y="30"/>
              <inputVariables>
                <variable formalParameter="EN">
                  <connectionPointIn>
                    <relPosition x="0" y="40"/>
                    <connection refLocalId="2">
                      <position x="420" y="70"/>
                      <position x="281" y="70"/>
                    </connection>
                  </connectionPointIn>
                </variable>
                <variable formalParameter="IN1">
                  <connectionPointIn>
                    <relPosition x="0" y="70"/>
                    <connection refLocalId="5">
                      <position x="420" y="100"/>
                      <position x="310" y="100"/>
                    </connection>
                  </connectionPointIn>
                </variable>
                <variable formalParameter="IN2">
                  <connectionPointIn>
                    <relPosition x="0" y="110"/>
                    <connection refLocalId="6">
                      <position x="420" y="140"/>
                      <position x="310" y="140"/>
                    </connection>
                  </connectionPointIn>
                </variable>
              </inputVariables>
              <inOutVariables/>
              <outputVariables>
                <variable formalParameter="ENO">
                  <connectionPointOut>
                    <relPosition x="70" y="40"/>
                  </connectionPointOut>
                </variable>
                <variable formalParameter="OUT">
                  <connectionPointOut>
                    <relPosition x="70" y="70"/>
                  </connectionPointOut>
                </variable>
              </outputVariables>
            </block>
            <contact localId="2" negated="false" width="21" height="20">
              <position x="260" y="60"/>
              <connectionPointIn>
                <relPosition x="0" y="10"/>
                <connection refLocalId="3">
                  <position x="260" y="70"/>
                  <position x="200" y="70"/>
                </connection>
              </connectionPointIn>
              <connectionPointOut>
                <relPosition x="21" y="10"/>
              </connectionPointOut>
              <variable>Switch</variable>
            </contact>
            <leftPowerRail localId="3" width="10" height="120">
              <position x="190" y="50"/>
              <connectionPointOut formalParameter="">
                <relPosition x="10" y="20"/>
              </connectionPointOut>
              <connectionPointOut formalParameter="">
                <relPosition x="10" y="60"/>
              </connectionPointOut>
              <connectionPointOut formalParameter="">
                <relPosition x="10" y="100"/>
              </connectionPointOut>
            </leftPowerRail>
            <rightPowerRail localId="4" width="10" height="120">
              <position x="660" y="50"/>
              <connectionPointIn>
                <relPosition x="0" y="20"/>
                <connection refLocalId="1" formalParameter="ENO">
                  <position x="660" y="70"/>
                  <position x="490" y="70"/>
                </connection>
              </connectionPointIn>
              <connectionPointIn>
                <relPosition x="0" y="60"/>
              </connectionPointIn>
              <connectionPointIn>
                <relPosition x="0" y="100"/>
              </connectionPointIn>
            </rightPowerRail>
            <inVariable localId="5" width="70" height="30" negated="false">
              <position x="240" y="80"/>
              <connectionPointOut>
                <relPosition x="70" y="20"/>
              </connectionPointOut>
              <expression>Number1</expression>
            </inVariable>
            <inVariable localId="6" width="70" height="30" negated="false">
              <position x="240" y="130"/>
              <connectionPointOut>
                <relPosition x="70" y="10"/>
              </connectionPointOut>
              <expression>Number2</expression>
            </inVariable>
            <outVariable localId="7" width="60" height="30" negated="false">
              <position x="550" y="90"/>
              <connectionPointIn>
                <relPosition x="0" y="20"/>
                <connection refLocalId="1" formalParameter="OUT">
                  <position x="550" y="110"/>
                  <position x="520" y="110"/>
                  <position x="520" y="100"/>
                  <position x="490" y="100"/>
                </connection>
              </connectionPointIn>
              <expression>Answer</expression>
            </outVariable>
          </LD>
        </body>
      </pou>
    </pous>
  </types>
  <instances>
    <configurations>
      <configuration name="Config0">
        <resource name="Res0">
          <task name="task0" priority="0" interval="T#20ms">
            <pouInstance name="instance0" typeName="Addition"/>
          </task>
        </resource>
      </configuration>
    </configurations>
  </instances>
</project>
