<?xml version='1.0' encoding='utf-8'?>
<project xmlns="http://www.plcopen.org/xml/tc6_0201" xmlns:xsd="http://www.w3.org/2001/XMLSchema" xmlns:xhtml="http://www.w3.org/1999/xhtml" xmlns:ns1="http://www.plcopen.org/xml/tc6_0201">
  <fileHeader companyName="Unknown" productName="Unnamed" productVersion="1" creationDateTime="2024-07-28T01:03:22"/>
  <contentHeader name="Unnamed" modificationDateTime="2024-07-28T10:38:54">
    <coordinateInfo>
      <fbd>
        <scaling x="10" y="10"/>
      </fbd>
      <ld>
        <scaling x="10" y="10"/>
      </ld>
      <sfc>
        <scaling x="10" y="10"/>
      </sfc>
    </coordinateInfo>
  </contentHeader>
  <types>
    <dataTypes/>
    <pous>
      <pou name="Warning_Message" pouType="program">
        <interface>
          <localVars>
            <variable name="Warning_PB" address="%IX0.0">
              <type>
                <BOOL/>
              </type>
            </variable>
            <variable name="Warning" address="%QX0.0">
              <type>
                <BOOL/>
              </type>
            </variable>
          </localVars>
          <externalVars>
            <variable name="SerialMSG">
              <type>
                <string/>
              </type>
            </variable>
            <variable name="PrintMSG">
              <type>
                <BOOL/>
              </type>
            </variable>
          </externalVars>
          <localVars>
            <variable name="TP0">
              <type>
                <derived name="TP"/>
              </type>
            </variable>
          </localVars>
        </interface>
        <body>
          <LD>
            <leftPowerRail localId="1" width="10" height="200">
              <position x="120" y="90"/>
              <connectionPointOut formalParameter="">
                <relPosition x="10" y="20"/>
              </connectionPointOut>
              <connectionPointOut formalParameter="">
                <relPosition x="10" y="60"/>
              </connectionPointOut>
              <connectionPointOut formalParameter="">
                <relPosition x="10" y="100"/>
              </connectionPointOut>
              <connectionPointOut formalParameter="">
                <relPosition x="10" y="140"/>
              </connectionPointOut>
              <connectionPointOut formalParameter="">
                <relPosition x="10" y="180"/>
              </connectionPointOut>
            </leftPowerRail>
            <rightPowerRail localId="2" width="10" height="200">
              <position x="670" y="90"/>
              <connectionPointIn>
                <relPosition x="0" y="20"/>
                <connection refLocalId="4">
                  <position x="670" y="110"/>
                  <position x="611" y="110"/>
                </connection>
              </connectionPointIn>
              <connectionPointIn>
                <relPosition x="0" y="60"/>
              </connectionPointIn>
              <connectionPointIn>
                <relPosition x="0" y="100"/>
                <connection refLocalId="6">
                  <position x="670" y="190"/>
                  <position x="621" y="190"/>
                </connection>
              </connectionPointIn>
              <connectionPointIn>
                <relPosition x="0" y="140"/>
                <connection refLocalId="7" formalParameter="ENO">
                  <position x="670" y="230"/>
                  <position x="450" y="230"/>
                </connection>
              </connectionPointIn>
              <connectionPointIn>
                <relPosition x="0" y="180"/>
              </connectionPointIn>
            </rightPowerRail>
            <contact localId="3" negated="false" width="21" height="20">
              <position x="210" y="100"/>
              <connectionPointIn>
                <relPosition x="0" y="10"/>
                <connection refLocalId="1">
                  <position x="210" y="110"/>
                  <position x="130" y="110"/>
                </connection>
              </connectionPointIn>
              <connectionPointOut>
                <relPosition x="21" y="10"/>
              </connectionPointOut>
              <variable>Warning_PB</variable>
            </contact>
            <coil localId="4" negated="false" width="21" height="20">
              <position x="590" y="100"/>
              <connectionPointIn>
                <relPosition x="0" y="10"/>
                <connection refLocalId="10" formalParameter="Q">
                  <position x="590" y="110"/>
                  <position x="440" y="110"/>
                </connection>
              </connectionPointIn>
              <connectionPointOut>
                <relPosition x="21" y="10"/>
              </connectionPointOut>
              <variable>Warning</variable>
            </coil>
            <contact localId="5" negated="false" width="21" height="20">
              <position x="210" y="180"/>
              <connectionPointIn>
                <relPosition x="0" y="10"/>
                <connection refLocalId="1">
                  <position x="210" y="190"/>
                  <position x="130" y="190"/>
                </connection>
              </connectionPointIn>
              <connectionPointOut>
                <relPosition x="21" y="10"/>
              </connectionPointOut>
              <variable>Warning</variable>
            </contact>
            <coil localId="6" negated="false" width="21" height="20">
              <position x="600" y="180"/>
              <connectionPointIn>
                <relPosition x="0" y="10"/>
                <connection refLocalId="5">
                  <position x="600" y="190"/>
                  <position x="231" y="190"/>
                </connection>
              </connectionPointIn>
              <connectionPointOut>
                <relPosition x="21" y="10"/>
              </connectionPointOut>
              <variable>PrintMSG</variable>
            </coil>
            <block localId="7" typeName="MOVE" width="60" height="60">
              <position x="390" y="200"/>
              <inputVariables>
                <variable formalParameter="EN">
                  <connectionPointIn>
                    <relPosition x="0" y="30"/>
                    <connection refLocalId="1">
                      <position x="390" y="230"/>
                      <position x="130" y="230"/>
                    </connection>
                  </connectionPointIn>
                </variable>
                <variable formalParameter="IN">
                  <connectionPointIn>
                    <relPosition x="0" y="50"/>
                    <connection refLocalId="8">
                      <position x="390" y="250"/>
                      <position x="355" y="250"/>
                      <position x="355" y="270"/>
                      <position x="320" y="270"/>
                    </connection>
                  </connectionPointIn>
                </variable>
              </inputVariables>
              <inOutVariables/>
              <outputVariables>
                <variable formalParameter="ENO">
                  <connectionPointOut>
                    <relPosition x="60" y="30"/>
                  </connectionPointOut>
                </variable>
                <variable formalParameter="OUT">
                  <connectionPointOut>
                    <relPosition x="60" y="50"/>
                  </connectionPointOut>
                </variable>
              </outputVariables>
            </block>
            <inVariable localId="8" width="90" height="30" negated="false">
              <position x="230" y="250"/>
              <connectionPointOut>
                <relPosition x="90" y="20"/>
              </connectionPointOut>
              <expression>'WARNING'</expression>
            </inVariable>
            <outVariable localId="9" width="90" height="30" negated="false">
              <position x="520" y="250"/>
              <connectionPointIn>
                <relPosition x="0" y="20"/>
                <connection refLocalId="7" formalParameter="OUT">
                  <position x="520" y="270"/>
                  <position x="485" y="270"/>
                  <position x="485" y="250"/>
                  <position x="450" y="250"/>
                </connection>
              </connectionPointIn>
              <expression>SerialMSG</expression>
            </outVariable>
            <block localId="10" typeName="TP" instanceName="TP0" width="50" height="60">
              <position x="390" y="80"/>
              <inputVariables>
                <variable formalParameter="IN">
                  <connectionPointIn>
                    <relPosition x="0" y="30"/>
                    <connection refLocalId="3">
                      <position x="390" y="110"/>
                      <position x="231" y="110"/>
                    </connection>
                  </connectionPointIn>
                </variable>
                <variable formalParameter="PT">
                  <connectionPointIn>
                    <relPosition x="0" y="50"/>
                    <connection refLocalId="11">
                      <position x="390" y="130"/>
                      <position x="360" y="130"/>
                      <position x="360" y="140"/>
                      <position x="330" y="140"/>
                    </connection>
                  </connectionPointIn>
                </variable>
              </inputVariables>
              <inOutVariables/>
              <outputVariables>
                <variable formalParameter="Q">
                  <connectionPointOut>
                    <relPosition x="50" y="30"/>
                  </connectionPointOut>
                </variable>
                <variable formalParameter="ET">
                  <connectionPointOut>
                    <relPosition x="50" y="50"/>
                  </connectionPointOut>
                </variable>
              </outputVariables>
            </block>
            <inVariable localId="11" width="60" height="30" negated="false">
              <position x="270" y="120"/>
              <connectionPointOut>
                <relPosition x="60" y="20"/>
              </connectionPointOut>
              <expression>T#20ms</expression>
            </inVariable>
          </LD>
        </body>
      </pou>
    </pous>
  </types>
  <instances>
    <configurations>
      <configuration name="Config0">
        <resource name="Res0">
          <task name="task0" priority="0" interval="T#20ms">
            <pouInstance name="instance0" typeName="Warning_Message"/>
          </task>
        </resource>
      </configuration>
    </configurations>
  </instances>
</project>
