<?xml version='1.0' encoding='utf-8'?>
<project xmlns="http://www.plcopen.org/xml/tc6_0201" xmlns:xsd="http://www.w3.org/2001/XMLSchema" xmlns:xhtml="http://www.w3.org/1999/xhtml" xmlns:ns1="http://www.plcopen.org/xml/tc6_0201">
  <fileHeader companyName="Unknown" productName="Unnamed" productVersion="1" creationDateTime="2024-12-09T23:13:59"/>
  <contentHeader name="Unnamed" modificationDateTime="2025-02-01T17:33:37">
    <coordinateInfo>
      <fbd>
        <scaling x="10" y="10"/>
      </fbd>
      <ld>
        <scaling x="10" y="10"/>
      </ld>
      <sfc>
        <scaling x="10" y="10"/>
      </sfc>
    </coordinateInfo>
  </contentHeader>
  <types>
    <dataTypes/>
    <pous>
      <pou name="Simple_Switch_LED_Control" pouType="program">
        <interface>
          <localVars>
            <variable name="PB_Switch1" address="%IX0.0">
              <type>
                <BOOL/>
              </type>
              <documentation>
                <xhtml:p><![CDATA[PB Switch wired to Arduino Opta I1 terminal]]></xhtml:p>
              </documentation>
            </variable>
            <variable name="PB_Switch2" address="%IX0.1">
              <type>
                <BOOL/>
              </type>
              <documentation>
                <xhtml:p><![CDATA[PB Switch wired to Arduino Opta I2 terminal]]></xhtml:p>
              </documentation>
            </variable>
            <variable name="Relay_LED1" address="%QX0.0">
              <type>
                <BOOL/>
              </type>
              <documentation>
                <xhtml:p><![CDATA[LED1&Relay 1wired to Arduino Opta D0 ]]></xhtml:p>
              </documentation>
            </variable>
          </localVars>
        </interface>
        <body>
          <LD>
            <leftPowerRail localId="1" width="10" height="120">
              <position x="170" y="70"/>
              <connectionPointOut formalParameter="">
                <relPosition x="10" y="20"/>
              </connectionPointOut>
              <connectionPointOut formalParameter="">
                <relPosition x="10" y="60"/>
              </connectionPointOut>
              <connectionPointOut formalParameter="">
                <relPosition x="10" y="100"/>
              </connectionPointOut>
            </leftPowerRail>
            <rightPowerRail localId="2" width="10" height="120">
              <position x="620" y="70"/>
              <connectionPointIn>
                <relPosition x="0" y="20"/>
                <connection refLocalId="4">
                  <position x="620" y="90"/>
                  <position x="560" y="90"/>
                </connection>
              </connectionPointIn>
              <connectionPointIn>
                <relPosition x="0" y="60"/>
              </connectionPointIn>
              <connectionPointIn>
                <relPosition x="0" y="100"/>
              </connectionPointIn>
            </rightPowerRail>
            <contact localId="3" negated="false" width="21" height="20">
              <position x="260" y="80"/>
              <connectionPointIn>
                <relPosition x="0" y="10"/>
                <connection refLocalId="1">
                  <position x="260" y="90"/>
                  <position x="180" y="90"/>
                </connection>
              </connectionPointIn>
              <connectionPointOut>
                <relPosition x="21" y="10"/>
              </connectionPointOut>
              <variable>PB_Switch1</variable>
            </contact>
            <coil localId="4" negated="false" width="21" height="20">
              <position x="540" y="80"/>
              <connectionPointIn>
                <relPosition x="0" y="10"/>
                <connection refLocalId="3">
                  <position x="540" y="90"/>
                  <position x="281" y="90"/>
                </connection>
                <connection refLocalId="5">
                  <position x="540" y="90"/>
                  <position x="320" y="90"/>
                  <position x="320" y="140"/>
                  <position x="280" y="140"/>
                </connection>
              </connectionPointIn>
              <connectionPointOut>
                <relPosition x="21" y="10"/>
              </connectionPointOut>
              <variable>Relay_LED1</variable>
            </coil>
            <contact localId="5" negated="false" width="21" height="20">
              <position x="260" y="130"/>
              <connectionPointIn>
                <relPosition x="0" y="10"/>
                <connection refLocalId="1">
                  <position x="260" y="140"/>
                  <position x="220" y="140"/>
                  <position x="220" y="90"/>
                  <position x="180" y="90"/>
                </connection>
              </connectionPointIn>
              <connectionPointOut>
                <relPosition x="21" y="10"/>
              </connectionPointOut>
              <variable>PB_Switch2</variable>
            </contact>
          </LD>
        </body>
      </pou>
    </pous>
  </types>
  <instances>
    <configurations>
      <configuration name="Config0">
        <resource name="Res0">
          <task name="task0" priority="0" interval="T#20ms">
            <pouInstance name="instance0" typeName="Simple_Switch_LED_Control"/>
          </task>
        </resource>
      </configuration>
    </configurations>
  </instances>
</project>
