<?xml version='1.0' encoding='utf-8'?>
<project xmlns="http://www.plcopen.org/xml/tc6_0201" xmlns:xsd="http://www.w3.org/2001/XMLSchema" xmlns:xhtml="http://www.w3.org/1999/xhtml" xmlns:ns1="http://www.plcopen.org/xml/tc6_0201">
  <fileHeader companyName="Unknown" productName="Unnamed" productVersion="1" creationDateTime="2025-03-31T14:46:30"/>
  <contentHeader name="Unnamed" modificationDateTime="2025-03-31T16:38:15">
    <coordinateInfo>
      <fbd>
        <scaling x="10" y="10"/>
      </fbd>
      <ld>
        <scaling x="10" y="10"/>
      </ld>
      <sfc>
        <scaling x="10" y="10"/>
      </sfc>
    </coordinateInfo>
  </contentHeader>
  <types>
    <dataTypes/>
    <pous>
      <pou name="Modulus" pouType="program">
        <interface>
          <localVars>
            <variable name="Switch">
              <type>
                <BOOL/>
              </type>
            </variable>
            <variable name="Number1">
              <type>
                <INT/>
              </type>
              <initialValue>
                <simpleValue value="15"/>
              </initialValue>
            </variable>
            <variable name="Number2">
              <type>
                <INT/>
              </type>
              <initialValue>
                <simpleValue value="-4"/>
              </initialValue>
            </variable>
            <variable name="Answer">
              <type>
                <INT/>
              </type>
            </variable>
          </localVars>
        </interface>
        <body>
          <LD>
            <leftPowerRail localId="1" width="10" height="160">
              <position x="180" y="70"/>
              <connectionPointOut formalParameter="">
                <relPosition x="10" y="20"/>
              </connectionPointOut>
              <connectionPointOut formalParameter="">
                <relPosition x="10" y="60"/>
              </connectionPointOut>
              <connectionPointOut formalParameter="">
                <relPosition x="10" y="100"/>
              </connectionPointOut>
              <connectionPointOut formalParameter="">
                <relPosition x="10" y="140"/>
              </connectionPointOut>
            </leftPowerRail>
            <rightPowerRail localId="2" width="10" height="160">
              <position x="700" y="70"/>
              <connectionPointIn>
                <relPosition x="0" y="20"/>
                <connection refLocalId="4" formalParameter="ENO">
                  <position x="700" y="90"/>
                  <position x="500" y="90"/>
                </connection>
              </connectionPointIn>
              <connectionPointIn>
                <relPosition x="0" y="60"/>
              </connectionPointIn>
              <connectionPointIn>
                <relPosition x="0" y="100"/>
              </connectionPointIn>
              <connectionPointIn>
                <relPosition x="0" y="140"/>
              </connectionPointIn>
            </rightPowerRail>
            <contact localId="3" negated="false" width="21" height="20">
              <position x="260" y="80"/>
              <connectionPointIn>
                <relPosition x="0" y="10"/>
                <connection refLocalId="1">
                  <position x="260" y="90"/>
                  <position x="190" y="90"/>
                </connection>
              </connectionPointIn>
              <connectionPointOut>
                <relPosition x="21" y="10"/>
              </connectionPointOut>
              <variable>Switch</variable>
            </contact>
            <block localId="4" typeName="MOD" width="70" height="80">
              <position x="430" y="60"/>
              <inputVariables>
                <variable formalParameter="EN">
                  <connectionPointIn>
                    <relPosition x="0" y="30"/>
                    <connection refLocalId="3">
                      <position x="430" y="90"/>
                      <position x="280" y="90"/>
                    </connection>
                  </connectionPointIn>
                </variable>
                <variable formalParameter="IN1">
                  <connectionPointIn>
                    <relPosition x="0" y="50"/>
                    <connection refLocalId="5">
                      <position x="430" y="110"/>
                      <position x="370" y="110"/>
                      <position x="370" y="120"/>
                      <position x="300" y="120"/>
                    </connection>
                  </connectionPointIn>
                </variable>
                <variable formalParameter="IN2">
                  <connectionPointIn>
                    <relPosition x="0" y="70"/>
                    <connection refLocalId="6">
                      <position x="430" y="130"/>
                      <position x="365" y="130"/>
                      <position x="365" y="170"/>
                      <position x="300" y="170"/>
                    </connection>
                  </connectionPointIn>
                </variable>
              </inputVariables>
              <inOutVariables/>
              <outputVariables>
                <variable formalParameter="ENO">
                  <connectionPointOut>
                    <relPosition x="70" y="30"/>
                  </connectionPointOut>
                </variable>
                <variable formalParameter="OUT">
                  <connectionPointOut>
                    <relPosition x="70" y="50"/>
                  </connectionPointOut>
                </variable>
              </outputVariables>
            </block>
            <inVariable localId="5" width="70" height="30" negated="false">
              <position x="230" y="100"/>
              <connectionPointOut>
                <relPosition x="70" y="20"/>
              </connectionPointOut>
              <expression>Number1</expression>
            </inVariable>
            <inVariable localId="6" width="70" height="30" negated="false">
              <position x="230" y="150"/>
              <connectionPointOut>
                <relPosition x="70" y="20"/>
              </connectionPointOut>
              <expression>Number2</expression>
            </inVariable>
            <outVariable localId="7" width="60" height="30" negated="false">
              <position x="600" y="120"/>
              <connectionPointIn>
                <relPosition x="0" y="10"/>
                <connection refLocalId="4" formalParameter="OUT">
                  <position x="600" y="130"/>
                  <position x="550" y="130"/>
                  <position x="550" y="110"/>
                  <position x="500" y="110"/>
                </connection>
              </connectionPointIn>
              <expression>Answer</expression>
            </outVariable>
          </LD>
        </body>
      </pou>
    </pous>
  </types>
  <instances>
    <configurations>
      <configuration name="Config0">
        <resource name="Res0">
          <task name="task0" priority="0" interval="T#20ms">
            <pouInstance name="instance0" typeName="Modulus"/>
          </task>
        </resource>
      </configuration>
    </configurations>
  </instances>
</project>
