<?xml version='1.0' encoding='utf-8'?>
<project xmlns="http://www.plcopen.org/xml/tc6_0201" xmlns:xsd="http://www.w3.org/2001/XMLSchema" xmlns:xhtml="http://www.w3.org/1999/xhtml" xmlns:ns1="http://www.plcopen.org/xml/tc6.xsd">
  <fileHeader companyName="Unknown" productName="Unnamed" productVersion="1" creationDateTime="2025-03-23T00:28:29"/>
  <contentHeader name="Unnamed" modificationDateTime="2025-03-23T18:19:31">
    <coordinateInfo>
      <fbd>
        <scaling x="10" y="10"/>
      </fbd>
      <ld>
        <scaling x="10" y="10"/>
      </ld>
      <sfc>
        <scaling x="10" y="10"/>
      </sfc>
    </coordinateInfo>
  </contentHeader>
  <types>
    <dataTypes/>
    <pous>
      <pou name="ESP32_STOP_START_Blink" pouType="program">
        <interface>
          <localVars>
            <variable name="TOF0">
              <type>
                <derived name="TOF"/>
              </type>
            </variable>
            <variable name="TON0">
              <type>
                <derived name="TON"/>
              </type>
            </variable>
          </localVars>
          <localVars>
            <variable name="RED_PB_Switch" address="%IX0.1">
              <type>
                <BOOL/>
              </type>
              <documentation>
                <xhtml:p><![CDATA[RED PB Switch wired to ESP32 Pin 18]]></xhtml:p>
              </documentation>
            </variable>
            <variable name="GREEN_PB_Switch" address="%IX0.2">
              <type>
                <BOOL/>
              </type>
              <documentation>
                <xhtml:p><![CDATA[GREEN PB Switch wired to ESP32 Pin 19]]></xhtml:p>
              </documentation>
            </variable>
            <variable name="RED_LED" address="%QX0.0">
              <type>
                <BOOL/>
              </type>
              <documentation>
                <xhtml:p><![CDATA[RED LED Circuit wired to ESP32 Pin 2]]></xhtml:p>
              </documentation>
            </variable>
          </localVars>
          <localVars>
            <variable name="CR_Bit">
              <type>
                <BOOL/>
              </type>
              <documentation>
                <xhtml:p><![CDATA[Internal Control Bit]]></xhtml:p>
              </documentation>
            </variable>
          </localVars>
        </interface>
        <body>
          <LD>
            <block localId="4" typeName="TOF" instanceName="TOF0" height="140" width="90" executionOrderId="0">
              <position x="590" y="40"/>
              <inputVariables>
                <variable formalParameter="EN">
                  <connectionPointIn>
                    <relPosition x="0" y="40"/>
                    <connection refLocalId="3" formalParameter="ENO">
                      <position x="590" y="80"/>
                      <position x="410" y="80"/>
                    </connection>
                  </connectionPointIn>
                </variable>
                <variable formalParameter="IN">
                  <connectionPointIn>
                    <relPosition x="0" y="80"/>
                    <connection refLocalId="3" formalParameter="Q">
                      <position x="590" y="120"/>
                      <position x="410" y="120"/>
                    </connection>
                  </connectionPointIn>
                </variable>
                <variable formalParameter="PT">
                  <connectionPointIn>
                    <relPosition x="0" y="120"/>
                    <connection refLocalId="8">
                      <position x="590" y="160"/>
                      <position x="510" y="160"/>
                    </connection>
                  </connectionPointIn>
                </variable>
              </inputVariables>
              <inOutVariables/>
              <outputVariables>
                <variable formalParameter="ENO">
                  <connectionPointOut>
                    <relPosition x="90" y="40"/>
                  </connectionPointOut>
                </variable>
                <variable formalParameter="Q">
                  <connectionPointOut>
                    <relPosition x="90" y="80"/>
                  </connectionPointOut>
                </variable>
                <variable formalParameter="ET">
                  <connectionPointOut>
                    <relPosition x="90" y="120"/>
                  </connectionPointOut>
                </variable>
              </outputVariables>
            </block>
            <block localId="3" typeName="TON" instanceName="TON0" height="140" width="90" executionOrderId="0">
              <position x="320" y="40"/>
              <inputVariables>
                <variable formalParameter="EN">
                  <connectionPointIn>
                    <relPosition x="0" y="40"/>
                    <connection refLocalId="12">
                      <position x="320" y="80"/>
                      <position x="261" y="80"/>
                    </connection>
                    <connection refLocalId="14">
                      <position x="320" y="80"/>
                      <position x="290" y="80"/>
                      <position x="290" y="110"/>
                      <position x="260" y="110"/>
                    </connection>
                  </connectionPointIn>
                </variable>
                <variable formalParameter="IN">
                  <connectionPointIn>
                    <relPosition x="0" y="80"/>
                    <connection refLocalId="5">
                      <position x="320" y="120"/>
                      <position x="227" y="120"/>
                      <position x="227" y="160"/>
                      <position x="200" y="160"/>
                    </connection>
                  </connectionPointIn>
                </variable>
                <variable formalParameter="PT">
                  <connectionPointIn>
                    <relPosition x="0" y="120"/>
                    <connection refLocalId="7">
                      <position x="320" y="160"/>
                      <position x="275" y="160"/>
                      <position x="275" y="220"/>
                      <position x="230" y="220"/>
                    </connection>
                  </connectionPointIn>
                </variable>
              </inputVariables>
              <inOutVariables/>
              <outputVariables>
                <variable formalParameter="ENO">
                  <connectionPointOut>
                    <relPosition x="90" y="40"/>
                  </connectionPointOut>
                </variable>
                <variable formalParameter="Q">
                  <connectionPointOut>
                    <relPosition x="90" y="80"/>
                  </connectionPointOut>
                </variable>
                <variable formalParameter="ET">
                  <connectionPointOut>
                    <relPosition x="90" y="120"/>
                  </connectionPointOut>
                </variable>
              </outputVariables>
            </block>
            <contact localId="12" negated="false" width="21" height="20" executionOrderId="0">
              <position x="240" y="70"/>
              <connectionPointIn>
                <relPosition x="0" y="10"/>
                <connection refLocalId="11">
                  <position x="240" y="80"/>
                  <position x="121" y="80"/>
                </connection>
              </connectionPointIn>
              <connectionPointOut>
                <relPosition x="21" y="10"/>
              </connectionPointOut>
              <variable>GREEN_PB_Switch</variable>
            </contact>
            <contact localId="11" negated="true" width="21" height="20" executionOrderId="0">
              <position x="100" y="70"/>
              <connectionPointIn>
                <relPosition x="0" y="10"/>
                <connection refLocalId="10">
                  <position x="100" y="80"/>
                  <position x="50" y="80"/>
                </connection>
              </connectionPointIn>
              <connectionPointOut>
                <relPosition x="21" y="10"/>
              </connectionPointOut>
              <variable>RED_PB_Switch</variable>
            </contact>
            <leftPowerRail localId="10" width="10" height="240" executionOrderId="0">
              <position x="40" y="60"/>
              <connectionPointOut formalParameter="">
                <relPosition x="10" y="20"/>
              </connectionPointOut>
              <connectionPointOut formalParameter="">
                <relPosition x="10" y="60"/>
              </connectionPointOut>
              <connectionPointOut formalParameter="">
                <relPosition x="10" y="100"/>
              </connectionPointOut>
              <connectionPointOut formalParameter="">
                <relPosition x="10" y="140"/>
              </connectionPointOut>
              <connectionPointOut formalParameter="">
                <relPosition x="10" y="180"/>
              </connectionPointOut>
              <connectionPointOut formalParameter="">
                <relPosition x="10" y="220"/>
              </connectionPointOut>
            </leftPowerRail>
            <contact localId="5" height="20" width="30" negated="true" executionOrderId="0">
              <position x="170" y="150"/>
              <connectionPointIn>
                <relPosition x="0" y="10"/>
                <connection refLocalId="15">
                  <position x="170" y="160"/>
                  <position x="120" y="160"/>
                </connection>
              </connectionPointIn>
              <connectionPointOut>
                <relPosition x="30" y="10"/>
              </connectionPointOut>
              <variable>RED_LED</variable>
            </contact>
            <inVariable localId="7" height="40" width="70" negated="false" executionOrderId="0">
              <position x="160" y="200"/>
              <connectionPointOut>
                <relPosition x="70" y="20"/>
              </connectionPointOut>
              <expression>T#250ms</expression>
            </inVariable>
            <inVariable localId="8" height="40" width="70" negated="false" executionOrderId="0">
              <position x="440" y="140"/>
              <connectionPointOut>
                <relPosition x="70" y="20"/>
              </connectionPointOut>
              <expression>T#500ms</expression>
            </inVariable>
            <coil localId="6" height="20" width="30" negated="false" executionOrderId="0">
              <position x="760" y="110"/>
              <connectionPointIn>
                <relPosition x="0" y="10"/>
                <connection refLocalId="4" formalParameter="Q">
                  <position x="760" y="120"/>
                  <position x="680" y="120"/>
                </connection>
              </connectionPointIn>
              <connectionPointOut>
                <relPosition x="30" y="10"/>
              </connectionPointOut>
              <variable>RED_LED</variable>
            </coil>
            <rightPowerRail localId="1" width="10" height="240" executionOrderId="0">
              <position x="850" y="60"/>
              <connectionPointIn>
                <relPosition x="0" y="20"/>
                <connection refLocalId="13">
                  <position x="850" y="80"/>
                  <position x="780" y="80"/>
                </connection>
              </connectionPointIn>
              <connectionPointIn>
                <relPosition x="0" y="60"/>
                <connection refLocalId="6">
                  <position x="850" y="120"/>
                  <position x="790" y="120"/>
                </connection>
              </connectionPointIn>
              <connectionPointIn>
                <relPosition x="0" y="100"/>
              </connectionPointIn>
              <connectionPointIn>
                <relPosition x="0" y="140"/>
              </connectionPointIn>
              <connectionPointIn>
                <relPosition x="0" y="180"/>
              </connectionPointIn>
              <connectionPointIn>
                <relPosition x="0" y="220"/>
              </connectionPointIn>
            </rightPowerRail>
            <coil localId="13" negated="false" width="21" height="20">
              <position x="760" y="70"/>
              <connectionPointIn>
                <relPosition x="0" y="10"/>
                <connection refLocalId="4" formalParameter="ENO">
                  <position x="760" y="80"/>
                  <position x="680" y="80"/>
                </connection>
              </connectionPointIn>
              <connectionPointOut>
                <relPosition x="21" y="10"/>
              </connectionPointOut>
              <variable>CR_Bit</variable>
            </coil>
            <contact localId="14" negated="false" width="21" height="20">
              <position x="240" y="100"/>
              <connectionPointIn>
                <relPosition x="0" y="10"/>
                <connection refLocalId="11">
                  <position x="240" y="110"/>
                  <position x="180" y="110"/>
                  <position x="180" y="80"/>
                  <position x="121" y="80"/>
                </connection>
              </connectionPointIn>
              <connectionPointOut>
                <relPosition x="21" y="10"/>
              </connectionPointOut>
              <variable>CR_Bit</variable>
            </contact>
            <contact localId="15" negated="false" width="21" height="20">
              <position x="100" y="150"/>
              <connectionPointIn>
                <relPosition x="0" y="10"/>
                <connection refLocalId="10">
                  <position x="100" y="160"/>
                  <position x="50" y="160"/>
                </connection>
              </connectionPointIn>
              <connectionPointOut>
                <relPosition x="21" y="10"/>
              </connectionPointOut>
              <variable>CR_Bit</variable>
            </contact>
          </LD>
        </body>
      </pou>
    </pous>
  </types>
  <instances>
    <configurations>
      <configuration name="Config0">
        <resource name="Res0">
          <task name="task0" priority="0" interval="T#20ms">
            <pouInstance name="instance0" typeName="ESP32_STOP_START_Blink"/>
          </task>
        </resource>
      </configuration>
    </configurations>
  </instances>
</project>
