<?xml version='1.0' encoding='utf-8'?>
<project xmlns="http://www.plcopen.org/xml/tc6_0201" xmlns:xsd="http://www.w3.org/2001/XMLSchema" xmlns:xhtml="http://www.w3.org/1999/xhtml" xmlns:ns1="http://www.plcopen.org/xml/tc6_0201">
  <fileHeader companyName="Unknown" productName="Unnamed" productVersion="1" creationDateTime="2025-04-05T21:32:12"/>
  <contentHeader name="Unnamed" modificationDateTime="2025-04-09T00:27:02">
    <coordinateInfo>
      <fbd>
        <scaling x="10" y="10"/>
      </fbd>
      <ld>
        <scaling x="10" y="10"/>
      </ld>
      <sfc>
        <scaling x="10" y="10"/>
      </sfc>
    </coordinateInfo>
  </contentHeader>
  <types>
    <dataTypes/>
    <pous>
      <pou name="Data_Manipulation_MOVE_FB" pouType="program">
        <interface>
          <localVars>
            <variable name="IPB_SW1" address="%IX0.0">
              <type>
                <BOOL/>
              </type>
              <documentation>
                <xhtml:p><![CDATA[Digital Pin 2 of the Arduino Uno]]></xhtml:p>
              </documentation>
            </variable>
            <variable name="IPB_SW2" address="%IX0.1">
              <type>
                <BOOL/>
              </type>
              <documentation>
                <xhtml:p><![CDATA[Digital Pin 3 of the Arduino Uno]]></xhtml:p>
              </documentation>
            </variable>
            <variable name="RESET_SW" address="%IX0.2">
              <type>
                <BOOL/>
              </type>
              <documentation>
                <xhtml:p><![CDATA[Digital Pin 4 of the Arduino Uno]]></xhtml:p>
              </documentation>
            </variable>
            <variable name="COUNT_COMPLETE" address="%QX0.0">
              <type>
                <BOOL/>
              </type>
              <documentation>
                <xhtml:p><![CDATA[Digital Pin 7 of the Arduino Uno]]></xhtml:p>
              </documentation>
            </variable>
          </localVars>
          <localVars>
            <variable name="DATA">
              <type>
                <INT/>
              </type>
              <initialValue>
                <simpleValue value="5"/>
              </initialValue>
              <documentation>
                <xhtml:p><![CDATA[Load count value into PRESET_VALUE]]></xhtml:p>
              </documentation>
            </variable>
            <variable name="PRESET_VALUE">
              <type>
                <INT/>
              </type>
              <documentation>
                <xhtml:p><![CDATA[Stored count value into PRESET_VALUE]]></xhtml:p>
              </documentation>
            </variable>
            <variable name="COUNTING_VALUE">
              <type>
                <INT/>
              </type>
              <documentation>
                <xhtml:p><![CDATA[Accumulated Count Value]]></xhtml:p>
              </documentation>
            </variable>
            <variable name="CTU0">
              <type>
                <derived name="CTU"/>
              </type>
            </variable>
          </localVars>
        </interface>
        <body>
          <LD>
            <contact localId="3" negated="false" width="21" height="20">
              <position x="210" y="60"/>
              <connectionPointIn>
                <relPosition x="0" y="10"/>
                <connection refLocalId="14">
                  <position x="210" y="70"/>
                  <position x="150" y="70"/>
                </connection>
              </connectionPointIn>
              <connectionPointOut>
                <relPosition x="21" y="10"/>
              </connectionPointOut>
              <variable>IPB_SW1</variable>
            </contact>
            <block localId="4" typeName="MOVE" width="60" height="60">
              <position x="420" y="40"/>
              <inputVariables>
                <variable formalParameter="EN">
                  <connectionPointIn>
                    <relPosition x="0" y="30"/>
                    <connection refLocalId="3">
                      <position x="420" y="70"/>
                      <position x="231" y="70"/>
                    </connection>
                  </connectionPointIn>
                </variable>
                <variable formalParameter="IN">
                  <connectionPointIn>
                    <relPosition x="0" y="50"/>
                    <connection refLocalId="5">
                      <position x="420" y="90"/>
                      <position x="395" y="90"/>
                      <position x="395" y="100"/>
                      <position x="370" y="100"/>
                    </connection>
                  </connectionPointIn>
                </variable>
              </inputVariables>
              <inOutVariables/>
              <outputVariables>
                <variable formalParameter="ENO">
                  <connectionPointOut>
                    <relPosition x="60" y="30"/>
                  </connectionPointOut>
                </variable>
                <variable formalParameter="OUT">
                  <connectionPointOut>
                    <relPosition x="60" y="50"/>
                  </connectionPointOut>
                </variable>
              </outputVariables>
            </block>
            <inVariable localId="5" width="50" height="30" negated="false">
              <position x="320" y="80"/>
              <connectionPointOut>
                <relPosition x="50" y="20"/>
              </connectionPointOut>
              <expression>DATA</expression>
            </inVariable>
            <outVariable localId="6" width="110" height="30" negated="false">
              <position x="540" y="80"/>
              <connectionPointIn>
                <relPosition x="0" y="20"/>
                <connection refLocalId="4" formalParameter="OUT">
                  <position x="540" y="100"/>
                  <position x="510" y="100"/>
                  <position x="510" y="90"/>
                  <position x="480" y="90"/>
                </connection>
              </connectionPointIn>
              <expression>PRESET_VALUE</expression>
            </outVariable>
            <block localId="7" typeName="CTU" instanceName="CTU0" width="50" height="80">
              <position x="430" y="120"/>
              <inputVariables>
                <variable formalParameter="CU" edge="rising">
                  <connectionPointIn>
                    <relPosition x="0" y="30"/>
                    <connection refLocalId="8">
                      <position x="430" y="150"/>
                      <position x="231" y="150"/>
                    </connection>
                  </connectionPointIn>
                </variable>
                <variable formalParameter="R">
                  <connectionPointIn>
                    <relPosition x="0" y="50"/>
                    <connection refLocalId="11">
                      <position x="430" y="170"/>
                      <position x="355" y="170"/>
                      <position x="355" y="190"/>
                      <position x="231" y="190"/>
                    </connection>
                  </connectionPointIn>
                </variable>
                <variable formalParameter="PV">
                  <connectionPointIn>
                    <relPosition x="0" y="70"/>
                    <connection refLocalId="12">
                      <position x="430" y="190"/>
                      <position x="385" y="190"/>
                      <position x="385" y="240"/>
                      <position x="340" y="240"/>
                    </connection>
                  </connectionPointIn>
                </variable>
              </inputVariables>
              <inOutVariables/>
              <outputVariables>
                <variable formalParameter="Q">
                  <connectionPointOut>
                    <relPosition x="50" y="30"/>
                  </connectionPointOut>
                </variable>
                <variable formalParameter="CV">
                  <connectionPointOut>
                    <relPosition x="50" y="50"/>
                  </connectionPointOut>
                </variable>
              </outputVariables>
            </block>
            <contact localId="8" negated="false" width="21" height="20">
              <position x="210" y="140"/>
              <connectionPointIn>
                <relPosition x="0" y="10"/>
                <connection refLocalId="14">
                  <position x="210" y="150"/>
                  <position x="150" y="150"/>
                </connection>
              </connectionPointIn>
              <connectionPointOut>
                <relPosition x="21" y="10"/>
              </connectionPointOut>
              <variable>IPB_SW2</variable>
            </contact>
            <outVariable localId="10" width="130" height="30" negated="false">
              <position x="530" y="180"/>
              <connectionPointIn>
                <relPosition x="0" y="20"/>
                <connection refLocalId="7" formalParameter="CV">
                  <position x="530" y="200"/>
                  <position x="505" y="200"/>
                  <position x="505" y="170"/>
                  <position x="480" y="170"/>
                </connection>
              </connectionPointIn>
              <expression>COUNTING_VALUE</expression>
            </outVariable>
            <contact localId="11" negated="false" width="21" height="20">
              <position x="210" y="180"/>
              <connectionPointIn>
                <relPosition x="0" y="10"/>
                <connection refLocalId="14">
                  <position x="210" y="190"/>
                  <position x="150" y="190"/>
                </connection>
              </connectionPointIn>
              <connectionPointOut>
                <relPosition x="21" y="10"/>
              </connectionPointOut>
              <variable>RESET_SW</variable>
            </contact>
            <inVariable localId="12" width="110" height="30" negated="false">
              <position x="230" y="220"/>
              <connectionPointOut>
                <relPosition x="110" y="20"/>
              </connectionPointOut>
              <expression>PRESET_VALUE</expression>
            </inVariable>
            <leftPowerRail localId="14" width="10" height="320">
              <position x="140" y="50"/>
              <connectionPointOut formalParameter="">
                <relPosition x="10" y="20"/>
              </connectionPointOut>
              <connectionPointOut formalParameter="">
                <relPosition x="10" y="60"/>
              </connectionPointOut>
              <connectionPointOut formalParameter="">
                <relPosition x="10" y="100"/>
              </connectionPointOut>
              <connectionPointOut formalParameter="">
                <relPosition x="10" y="140"/>
              </connectionPointOut>
              <connectionPointOut formalParameter="">
                <relPosition x="10" y="180"/>
              </connectionPointOut>
              <connectionPointOut formalParameter="">
                <relPosition x="10" y="220"/>
              </connectionPointOut>
              <connectionPointOut formalParameter="">
                <relPosition x="10" y="260"/>
              </connectionPointOut>
              <connectionPointOut formalParameter="">
                <relPosition x="10" y="300"/>
              </connectionPointOut>
            </leftPowerRail>
            <rightPowerRail localId="1" width="10" height="320">
              <position x="760" y="50"/>
              <connectionPointIn>
                <relPosition x="0" y="20"/>
                <connection refLocalId="4" formalParameter="ENO">
                  <position x="760" y="70"/>
                  <position x="480" y="70"/>
                </connection>
              </connectionPointIn>
              <connectionPointIn>
                <relPosition x="0" y="60"/>
              </connectionPointIn>
              <connectionPointIn>
                <relPosition x="0" y="100"/>
                <connection refLocalId="18">
                  <position x="760" y="150"/>
                  <position x="710" y="150"/>
                </connection>
              </connectionPointIn>
              <connectionPointIn>
                <relPosition x="0" y="140"/>
              </connectionPointIn>
              <connectionPointIn>
                <relPosition x="0" y="180"/>
              </connectionPointIn>
              <connectionPointIn>
                <relPosition x="0" y="220"/>
              </connectionPointIn>
              <connectionPointIn>
                <relPosition x="0" y="260"/>
              </connectionPointIn>
              <connectionPointIn>
                <relPosition x="0" y="300"/>
              </connectionPointIn>
            </rightPowerRail>
            <coil localId="18" negated="false" width="20" height="20">
              <position x="690" y="140"/>
              <connectionPointIn>
                <relPosition x="0" y="10"/>
                <connection refLocalId="7" formalParameter="Q">
                  <position x="690" y="150"/>
                  <position x="480" y="150"/>
                </connection>
              </connectionPointIn>
              <connectionPointOut>
                <relPosition x="20" y="10"/>
              </connectionPointOut>
              <variable>COUNT_COMPLETE</variable>
            </coil>
          </LD>
        </body>
      </pou>
    </pous>
  </types>
  <instances>
    <configurations>
      <configuration name="Config0">
        <resource name="Res0">
          <task name="task0" priority="0" interval="T#20ms">
            <pouInstance name="instance0" typeName="Data_Manipulation_MOVE_FB"/>
          </task>
        </resource>
      </configuration>
    </configurations>
  </instances>
</project>
