<?xml version='1.0' encoding='utf-8'?>
<CFile xmlns:xsd="http://www.w3.org/2001/XMLSchema" xmlns:xhtml="http://www.w3.org/1999/xhtml">
  <variables>
    <variable name="SerialMSG" type="STRING"/>
    <variable name="PrintMSG" type="BOOL"/>
  </variables>
  <sketch>
    <xhtml:p><![CDATA[
void sketch_setup()

{

    Serial.begin(115200);

    Serial.println("WARNING MESSAGE RECEIVED!!");

}



void sketch_loop()

{

    if (PrintMSG)

    {
        Serial.println("WARNING MESSAGE RECEIVED!!");
        Serial.println((char *)SerialMSG.body);

    }

}
]]></xhtml:p>
  </sketch>
</CFile>
