{
  "deviceBoard": "OpenPLC Runtime v4",
  "communicationPort": "COM6",
  "runtimeIpAddress": "localhost",
  "compileOnly": false,
  "communicationConfiguration": {
    "modbusRTU": {
      "rtuInterface": "Serial",
      "rtuBaudRate": "115200",
      "rtuSlaveId": 1,
      "rtuRS485ENPin": null
    },
    "modbusTCP": {
      "tcpInterface": "Ethernet",
      "tcpMacAddress": "DE:AD:BE:EF:DE:AD",
      "tcpStaticHostConfiguration": {
        "ipAddress": "",
        "dns": "",
        "gateway": "",
        "subnet": ""
      }
    },
    "communicationPreferences": {
      "enabledRTU": false,
      "enabledTCP": false,
      "enabledDHCP": true
    }
  }
}